CaseID,FamilyID,FrequencyMedian_Hz,PeriodFromMedian_s,FrequencyMin_Hz,FrequencyMax_Hz,RelativeFrequencySpread_pct,CandidateCount,WindowsRepresented,WindowLabels,ReviewPriority,DiagnosticClusteringRule,AutomaticAcceptance
TK2712-14,TK2712-14_F01,3.7750244140625,0.26489894907033146,3.7628173828125,3.79638671875,0.889248181083266,3,3,Middle;Late;Early,HIGH_RECURRENCE_REVIEW_PRIORITY,"max(0.08 Hz, 5% of current family median)",False
TK2712-14,TK2712-14_F02,3.497314453125,0.28593368237347294,3.4759521484375,3.5552978515625,2.268760907504363,3,3,Middle;Late;Early,HIGH_RECURRENCE_REVIEW_PRIORITY,"max(0.08 Hz, 5% of current family median)",False
TK2712-14,TK2712-14_F03,2.2430419921875,0.4458231292517007,2.2430419921875,2.2430419921875,0,1,1,Early,SINGLE_WINDOW_OR_DIFFUSE_REVIEW,"max(0.08 Hz, 5% of current family median)",False
TK2712-14,TK2712-14_F04,1.5228271484375,0.6566733466933867,1.5228271484375,1.5228271484375,0,1,1,Middle,SINGLE_WINDOW_OR_DIFFUSE_REVIEW,"max(0.08 Hz, 5% of current family median)",False
TK2712-14,TK2712-14_F05,1.2847900390625,0.7783372921615201,1.2847900390625,1.2847900390625,0,1,1,Early,SINGLE_WINDOW_OR_DIFFUSE_REVIEW,"max(0.08 Hz, 5% of current family median)",False
TK2718-3,TK2718-3_F01,1.531982421875,0.6527490039840638,1.5106201171875,1.5625,3.3864541832669324,3,3,Late;Middle;Early,HIGH_RECURRENCE_REVIEW_PRIORITY,"max(0.08 Hz, 5% of current family median)",False
TK2718-3,TK2718-3_F02,1.3214111328125,0.7567667436489608,1.3031005859375,1.348876953125,3.464203233256351,3,3,Early;Late;Middle,HIGH_RECURRENCE_REVIEW_PRIORITY,"max(0.08 Hz, 5% of current family median)",False
TK2718-3,TK2718-3_F03,1.739501953125,0.5748771929824561,1.7181396484375,1.8096923828125,5.2631578947368425,3,3,Early;Late;Middle,MODERATE_RECURRENCE_REVIEW_PRIORITY,"max(0.08 Hz, 5% of current family median)",False
TK2718-3,TK2718-3_F04,2.392578125,0.4179591836734694,2.3773193359375,2.4078369140625,1.2755102040816326,2,2,Middle;Late,MODERATE_RECURRENCE_REVIEW_PRIORITY,"max(0.08 Hz, 5% of current family median)",False
TK2718-3,TK2718-3_F05,1.1627197265625,0.8600524934383202,1.1627197265625,1.1627197265625,0,1,1,Middle,SINGLE_WINDOW_OR_DIFFUSE_REVIEW,"max(0.08 Hz, 5% of current family median)",False
TK2718-3,TK2718-3_F06,2.606201171875,0.38370023419203747,2.606201171875,2.606201171875,0,1,1,Late,SINGLE_WINDOW_OR_DIFFUSE_REVIEW,"max(0.08 Hz, 5% of current family median)",False
TK2718-3,TK2718-3_F07,2.0965576171875,0.47697234352256185,2.0965576171875,2.0965576171875,0,1,1,Early,SINGLE_WINDOW_OR_DIFFUSE_REVIEW,"max(0.08 Hz, 5% of current family median)",False
TK3123-13,TK3123-13_F01,4.90875244140625,0.20371774945601492,4.8797607421875,4.937744140625,1.1812247435498913,2,2,Early;Middle,MODERATE_RECURRENCE_REVIEW_PRIORITY,"max(0.08 Hz, 5% of current family median)",False
TK3123-13,TK3123-13_F02,5.2825927734375,0.18930098209127671,5.2825927734375,5.2825927734375,0,1,1,Middle,SINGLE_WINDOW_OR_DIFFUSE_REVIEW,"max(0.08 Hz, 5% of current family median)",False
TK3123-13,TK3123-13_F03,1.7669677734375,0.5659412780656304,1.7669677734375,1.7669677734375,0,1,1,Late,SINGLE_WINDOW_OR_DIFFUSE_REVIEW,"max(0.08 Hz, 5% of current family median)",False
TK3123-13,TK3123-13_F04,1.3916015625,0.7185964912280701,1.3916015625,1.3916015625,0,1,1,Early,SINGLE_WINDOW_OR_DIFFUSE_REVIEW,"max(0.08 Hz, 5% of current family median)",False
TK3123-13,TK3123-13_F05,1.9317626953125,0.5176619273301738,1.9317626953125,1.9317626953125,0,1,1,Early,SINGLE_WINDOW_OR_DIFFUSE_REVIEW,"max(0.08 Hz, 5% of current family median)",False
TK3123-13,TK3123-13_F06,2.2735595703125,0.43983892617449666,2.2735595703125,2.2735595703125,0,1,1,Late,SINGLE_WINDOW_OR_DIFFUSE_REVIEW,"max(0.08 Hz, 5% of current family median)",False
TK3123-13,TK3123-13_F07,1.4862060546875,0.6728542094455852,1.4862060546875,1.4862060546875,0,1,1,Late,SINGLE_WINDOW_OR_DIFFUSE_REVIEW,"max(0.08 Hz, 5% of current family median)",False
TK3123-13,TK3123-13_F08,1.6754150390625,0.5968670309653916,1.6754150390625,1.6754150390625,0,1,1,Early,SINGLE_WINDOW_OR_DIFFUSE_REVIEW,"max(0.08 Hz, 5% of current family median)",False
TK3126-11,TK3126-11_F01,1.837158203125,0.5443189368770764,1.81884765625,1.8890380859375,3.820598006644518,3,3,Late;Early;Middle,HIGH_RECURRENCE_REVIEW_PRIORITY,"max(0.08 Hz, 5% of current family median)",False
TK3126-11,TK3126-11_F02,1.40380859375,0.7123478260869566,1.35498046875,1.4556884765625,7.173913043478261,3,3,Early;Middle;Late,MODERATE_RECURRENCE_REVIEW_PRIORITY,"max(0.08 Hz, 5% of current family median)",False
TK3126-11,TK3126-11_F03,1.61590576171875,0.618847969782814,1.6082763671875,1.62353515625,0.9442870632672332,2,2,Middle;Late,MODERATE_RECURRENCE_REVIEW_PRIORITY,"max(0.08 Hz, 5% of current family median)",False
TK3126-11,TK3126-11_F04,1.23748779296875,0.8080887792848336,1.2176513671875,1.25732421875,3.2059186189889024,2,2,Middle;Late,MODERATE_RECURRENCE_REVIEW_PRIORITY,"max(0.08 Hz, 5% of current family median)",False
TK3126-11,TK3126-11_F05,3.466796875,0.28845070422535213,3.466796875,3.466796875,0,1,1,Middle,SINGLE_WINDOW_OR_DIFFUSE_REVIEW,"max(0.08 Hz, 5% of current family median)",False
TK3126-11,TK3126-11_F06,2.3345947265625,0.4283398692810457,2.3345947265625,2.3345947265625,0,1,1,Early,SINGLE_WINDOW_OR_DIFFUSE_REVIEW,"max(0.08 Hz, 5% of current family median)",False
TK3126-11,TK3126-11_F07,2.0050048828125,0.498751902587519,2.0050048828125,2.0050048828125,0,1,1,Late,SINGLE_WINDOW_OR_DIFFUSE_REVIEW,"max(0.08 Hz, 5% of current family median)",False
TK3126-11,TK3126-11_F08,3.179931640625,0.3144721689059501,3.179931640625,3.179931640625,0,1,1,Early,SINGLE_WINDOW_OR_DIFFUSE_REVIEW,"max(0.08 Hz, 5% of current family median)",False
TK3126-7,TK3126-7_F01,3.326416015625,0.30062385321100915,3.3111572265625,3.3447265625,1.0091743119266054,3,3,Early;Late;Middle,HIGH_RECURRENCE_REVIEW_PRIORITY,"max(0.08 Hz, 5% of current family median)",False
TK3126-7,TK3126-7_F02,3.69873046875,0.27036303630363034,3.6834716796875,3.778076171875,2.557755775577558,3,3,Late;Middle;Early,HIGH_RECURRENCE_REVIEW_PRIORITY,"max(0.08 Hz, 5% of current family median)",False
TK3126-7,TK3126-7_F03,2.4993896484375,0.4000976800976801,2.471923828125,2.5360107421875,2.5641025641025643,3,3,Early;Late;Middle,HIGH_RECURRENCE_REVIEW_PRIORITY,"max(0.08 Hz, 5% of current family median)",False
TK3129-8,TK3129-8_F01,1.8707275390625,0.5345513866231648,1.8218994140625,1.8798828125,3.099510603588907,3,3,Late;Early;Middle,HIGH_RECURRENCE_REVIEW_PRIORITY,"max(0.08 Hz, 5% of current family median)",False
TK3129-8,TK3129-8_F02,1.54876708984375,0.6456748768472906,1.5411376953125,1.556396484375,0.9852216748768473,2,2,Early;Middle,MODERATE_RECURRENCE_REVIEW_PRIORITY,"max(0.08 Hz, 5% of current family median)",False
TK3129-8,TK3129-8_F03,2.0660400390625,0.48401772525849335,2.05078125,2.081298828125,1.4771048744460857,2,2,Early;Late,MODERATE_RECURRENCE_REVIEW_PRIORITY,"max(0.08 Hz, 5% of current family median)",False
TK3129-8,TK3129-8_F04,1.2115478515625,0.8253904282115869,1.1962890625,1.226806640625,2.5188916876574305,2,2,Early;Middle,MODERATE_RECURRENCE_REVIEW_PRIORITY,"max(0.08 Hz, 5% of current family median)",False
TK3129-8,TK3129-8_F05,1.42822265625,0.7001709401709402,1.42822265625,1.42822265625,0,1,1,Late,SINGLE_WINDOW_OR_DIFFUSE_REVIEW,"max(0.08 Hz, 5% of current family median)",False
TK3129-8,TK3129-8_F06,2.4932861328125,0.4010771113831089,2.4932861328125,2.4932861328125,0,1,1,Late,SINGLE_WINDOW_OR_DIFFUSE_REVIEW,"max(0.08 Hz, 5% of current family median)",False
TK3129-8,TK3129-8_F07,2.3681640625,0.4222680412371134,2.3681640625,2.3681640625,0,1,1,Middle,SINGLE_WINDOW_OR_DIFFUSE_REVIEW,"max(0.08 Hz, 5% of current family median)",False
TK3129-8,TK3129-8_F08,2.6702880859375,0.3744914285714286,2.6702880859375,2.6702880859375,0,1,1,Late,SINGLE_WINDOW_OR_DIFFUSE_REVIEW,"max(0.08 Hz, 5% of current family median)",False
TK3135-10,TK3135-10_F01,2.28271484375,0.4380748663101604,2.2674560546875,2.294921875,1.2032085561497325,3,3,Late;Early;Middle,HIGH_RECURRENCE_REVIEW_PRIORITY,"max(0.08 Hz, 5% of current family median)",False
TK3135-10,TK3135-10_F02,1.72882080078125,0.5784289496910856,1.7120361328125,1.74560546875,1.941747572815534,2,2,Late;Early,MODERATE_RECURRENCE_REVIEW_PRIORITY,"max(0.08 Hz, 5% of current family median)",False
TK3135-10,TK3135-10_F03,1.55487060546875,0.6431403336604514,1.5350341796875,1.57470703125,2.551521099116781,2,2,Early;Middle,MODERATE_RECURRENCE_REVIEW_PRIORITY,"max(0.08 Hz, 5% of current family median)",False
TK3135-10,TK3135-10_F04,1.2542724609375,0.7972749391727494,1.2359619140625,1.2725830078125,2.9197080291970803,2,2,Middle;Late,MODERATE_RECURRENCE_REVIEW_PRIORITY,"max(0.08 Hz, 5% of current family median)",False
TK3135-10,TK3135-10_F05,1.983642578125,0.5041230769230769,1.983642578125,1.983642578125,0,1,1,Middle,SINGLE_WINDOW_OR_DIFFUSE_REVIEW,"max(0.08 Hz, 5% of current family median)",False
TK3135-10,TK3135-10_F06,2.1270751953125,0.47012912482066,2.1270751953125,2.1270751953125,0,1,1,Early,SINGLE_WINDOW_OR_DIFFUSE_REVIEW,"max(0.08 Hz, 5% of current family median)",False
TK3135-10,TK3135-10_F07,2.4627685546875,0.40604708798017347,2.4627685546875,2.4627685546875,0,1,1,Early,SINGLE_WINDOW_OR_DIFFUSE_REVIEW,"max(0.08 Hz, 5% of current family median)",False
TK3135-10,TK3135-10_F08,1.434326171875,0.6971914893617022,1.434326171875,1.434326171875,0,1,1,Late,SINGLE_WINDOW_OR_DIFFUSE_REVIEW,"max(0.08 Hz, 5% of current family median)",False
TK3142-9,TK3142-9_F01,5.352783203125,0.1868187001140251,5.340576171875,5.364990234375,0.45610034207525657,2,2,Early;Middle,MODERATE_RECURRENCE_REVIEW_PRIORITY,"max(0.08 Hz, 5% of current family median)",False
TK3142-9,TK3142-9_F02,7.37762451171875,0.13554498448810756,7.3333740234375,7.421875,1.1995863495346433,2,2,Early;Middle,MODERATE_RECURRENCE_REVIEW_PRIORITY,"max(0.08 Hz, 5% of current family median)",False
TK3142-9,TK3142-9_F03,1.56402587890625,0.6393756097560975,1.5350341796875,1.593017578125,3.707317073170732,2,2,Middle;Late,MODERATE_RECURRENCE_REVIEW_PRIORITY,"max(0.08 Hz, 5% of current family median)",False
TK3142-9,TK3142-9_F04,9.7381591796875,0.1026888122845503,9.7381591796875,9.7381591796875,0,1,1,Early,SINGLE_WINDOW_OR_DIFFUSE_REVIEW,"max(0.08 Hz, 5% of current family median)",False
TK3142-9,TK3142-9_F05,2.42919921875,0.41165829145728644,2.42919921875,2.42919921875,0,1,1,Late,SINGLE_WINDOW_OR_DIFFUSE_REVIEW,"max(0.08 Hz, 5% of current family median)",False
TK3142-9,TK3142-9_F06,1.849365234375,0.5407260726072607,1.849365234375,1.849365234375,0,1,1,Middle,SINGLE_WINDOW_OR_DIFFUSE_REVIEW,"max(0.08 Hz, 5% of current family median)",False
TK3142-9,TK3142-9_F07,1.3671875,0.7314285714285714,1.3671875,1.3671875,0,1,1,Late,SINGLE_WINDOW_OR_DIFFUSE_REVIEW,"max(0.08 Hz, 5% of current family median)",False
TK3143-4,TK3143-4_F01,1.66015625,0.6023529411764705,1.64794921875,1.708984375,3.676470588235294,3,3,Middle;Early;Late,HIGH_RECURRENCE_REVIEW_PRIORITY,"max(0.08 Hz, 5% of current family median)",False
TK3143-4,TK3143-4_F02,1.33056640625,0.7515596330275229,1.28173828125,1.3397216796875,4.3577981651376145,3,3,Early;Late;Middle,HIGH_RECURRENCE_REVIEW_PRIORITY,"max(0.08 Hz, 5% of current family median)",False
TK3143-4,TK3143-4_F03,1.89361572265625,0.5280902497985496,1.89208984375,1.8951416015625,0.16116035455278002,2,2,Early;Late,MODERATE_RECURRENCE_REVIEW_PRIORITY,"max(0.08 Hz, 5% of current family median)",False
TK3143-4,TK3143-4_F04,1.51214599609375,0.6613118062563068,1.507568359375,1.5167236328125,0.6054490413723511,2,2,Early;Late,MODERATE_RECURRENCE_REVIEW_PRIORITY,"max(0.08 Hz, 5% of current family median)",False
TK3143-4,TK3143-4_F05,2.25830078125,0.4428108108108108,2.2064208984375,2.3101806640625,4.594594594594595,2,2,Middle;Late,MODERATE_RECURRENCE_REVIEW_PRIORITY,"max(0.08 Hz, 5% of current family median)",False
TK3143-4,TK3143-4_F06,1.1566162109375,0.8645910290237467,1.1566162109375,1.1566162109375,0,1,1,Middle,SINGLE_WINDOW_OR_DIFFUSE_REVIEW,"max(0.08 Hz, 5% of current family median)",False
TK3143-4,TK3143-4_F07,2.0050048828125,0.498751902587519,2.0050048828125,2.0050048828125,0,1,1,Middle,SINGLE_WINDOW_OR_DIFFUSE_REVIEW,"max(0.08 Hz, 5% of current family median)",False
TK4616-1,TK4616-1_F01,1.4007568359375,0.7138997821350762,1.35498046875,1.4129638671875,4.139433551198257,3,3,Early;Late;Middle,HIGH_RECURRENCE_REVIEW_PRIORITY,"max(0.08 Hz, 5% of current family median)",False
TK4616-1,TK4616-1_F02,2.10723876953125,0.47455467052860245,2.0172119140625,2.1728515625,7.385952208544533,4,3,Late;Middle;Early,MODERATE_RECURRENCE_REVIEW_PRIORITY,"max(0.08 Hz, 5% of current family median)",False
TK4616-1,TK4616-1_F03,3.05938720703125,0.32686284289276807,3.0181884765625,3.1005859375,2.693266832917706,2,2,Early;Middle,MODERATE_RECURRENCE_REVIEW_PRIORITY,"max(0.08 Hz, 5% of current family median)",False
TK4616-1,TK4616-1_F04,1.64642333984375,0.6073772011121409,1.611328125,1.6815185546875,4.263206672845227,2,2,Late;Middle,MODERATE_RECURRENCE_REVIEW_PRIORITY,"max(0.08 Hz, 5% of current family median)",False
TK4616-1,TK4616-1_F05,3.84521484375,0.26006349206349205,3.84521484375,3.84521484375,0,1,1,Middle,SINGLE_WINDOW_OR_DIFFUSE_REVIEW,"max(0.08 Hz, 5% of current family median)",False
TK4616-5,TK4616-5_F01,3.7017822265625,0.2701401483924155,3.6865234375,3.7017822265625,0.41220115416323166,3,3,Late;Early;Middle,HIGH_RECURRENCE_REVIEW_PRIORITY,"max(0.08 Hz, 5% of current family median)",False
TK4616-5,TK4616-5_F02,3.143310546875,0.3181359223300971,3.1341552734375,3.173828125,1.2621359223300972,3,3,Late;Early;Middle,HIGH_RECURRENCE_REVIEW_PRIORITY,"max(0.08 Hz, 5% of current family median)",False
TK4616-6,TK4616-6_F01,1.97906494140625,0.5052891287586738,1.9744873046875,1.983642578125,0.4626060138781804,2,2,Early;Late,MODERATE_RECURRENCE_REVIEW_PRIORITY,"max(0.08 Hz, 5% of current family median)",False
TK4616-6,TK4616-6_F02,1.38092041015625,0.7241546961325966,1.3763427734375,1.385498046875,0.6629834254143646,2,2,Middle;Late,MODERATE_RECURRENCE_REVIEW_PRIORITY,"max(0.08 Hz, 5% of current family median)",False
TK4616-6,TK4616-6_F03,1.65863037109375,0.6029070837166514,1.6510009765625,1.666259765625,0.9199632014719411,2,2,Middle;Early,MODERATE_RECURRENCE_REVIEW_PRIORITY,"max(0.08 Hz, 5% of current family median)",False
TK4616-6,TK4616-6_F04,1.20849609375,0.8274747474747475,1.1932373046875,1.2237548828125,2.525252525252525,2,2,Late;Middle,MODERATE_RECURRENCE_REVIEW_PRIORITY,"max(0.08 Hz, 5% of current family median)",False
TK4616-6,TK4616-6_F05,1.2908935546875,0.7746572104018913,1.2908935546875,1.2908935546875,0,1,1,Early,SINGLE_WINDOW_OR_DIFFUSE_REVIEW,"max(0.08 Hz, 5% of current family median)",False
TK4616-6,TK4616-6_F06,2.4505615234375,0.4080697384806974,2.4505615234375,2.4505615234375,0,1,1,Late,SINGLE_WINDOW_OR_DIFFUSE_REVIEW,"max(0.08 Hz, 5% of current family median)",False
TK4616-6,TK4616-6_F07,1.5594482421875,0.641252446183953,1.5594482421875,1.5594482421875,0,1,1,Late,SINGLE_WINDOW_OR_DIFFUSE_REVIEW,"max(0.08 Hz, 5% of current family median)",False
TK4616-6,TK4616-6_F08,2.777099609375,0.3600879120879121,2.777099609375,2.777099609375,0,1,1,Early,SINGLE_WINDOW_OR_DIFFUSE_REVIEW,"max(0.08 Hz, 5% of current family median)",False
TK4616-6,TK4616-6_F09,2.0782470703125,0.48117474302496327,2.0782470703125,2.0782470703125,0,1,1,Middle,SINGLE_WINDOW_OR_DIFFUSE_REVIEW,"max(0.08 Hz, 5% of current family median)",False
TK4616-6,TK4616-6_F10,1.8341064453125,0.54522462562396,1.8341064453125,1.8341064453125,0,1,1,Middle,SINGLE_WINDOW_OR_DIFFUSE_REVIEW,"max(0.08 Hz, 5% of current family median)",False
TK4616-6,TK4616-6_F11,1.4739990234375,0.6784265010351966,1.4739990234375,1.4739990234375,0,1,1,Early,SINGLE_WINDOW_OR_DIFFUSE_REVIEW,"max(0.08 Hz, 5% of current family median)",False
TK4632-2,TK4632-2_F01,1.2603759765625,0.7934140435835351,1.214599609375,1.2664794921875,4.116222760290557,3,3,Early;Middle;Late,HIGH_RECURRENCE_REVIEW_PRIORITY,"max(0.08 Hz, 5% of current family median)",False
TK4632-2,TK4632-2_F02,1.72576904296875,0.5794518125552608,1.7120361328125,1.739501953125,1.5915119363395225,2,2,Middle;Late,MODERATE_RECURRENCE_REVIEW_PRIORITY,"max(0.08 Hz, 5% of current family median)",False
TK4632-2,TK4632-2_F03,1.4312744140625,0.6986780383795309,1.416015625,1.446533203125,2.1321961620469083,2,2,Early;Late,MODERATE_RECURRENCE_REVIEW_PRIORITY,"max(0.08 Hz, 5% of current family median)",False
TK4632-2,TK4632-2_F04,2.04315185546875,0.48943988050784165,2.020263671875,2.0660400390625,2.2404779686333085,2,2,Late;Early,MODERATE_RECURRENCE_REVIEW_PRIORITY,"max(0.08 Hz, 5% of current family median)",False
TK4632-2,TK4632-2_F05,1.90887451171875,0.5238689048760992,1.8798828125,1.9378662109375,3.037569944044764,2,2,Early;Middle,MODERATE_RECURRENCE_REVIEW_PRIORITY,"max(0.08 Hz, 5% of current family median)",False
TK4632-2,TK4632-2_F06,2.398681640625,0.4168956743002544,2.398681640625,2.398681640625,0,1,1,Late,SINGLE_WINDOW_OR_DIFFUSE_REVIEW,"max(0.08 Hz, 5% of current family median)",False
TK4632-2,TK4632-2_F07,3.0548095703125,0.32735264735264735,3.0548095703125,3.0548095703125,0,1,1,Early,SINGLE_WINDOW_OR_DIFFUSE_REVIEW,"max(0.08 Hz, 5% of current family median)",False
TK4632-2,TK4632-2_F08,2.166748046875,0.4615211267605634,2.166748046875,2.166748046875,0,1,1,Middle,SINGLE_WINDOW_OR_DIFFUSE_REVIEW,"max(0.08 Hz, 5% of current family median)",False
